{"64": [40.40860520695161, 37.46256278538963, 51.057551414187365, 60.937332784967154, 61.63213114754096, 61.645901639344245, 61.645901639344245, NaN], "128": [40.75264053357741, 37.34981904894388, 47.76218086132212, 60.44882251699319, 61.61683060109287, 61.645901639344245, 61.645901639344245, 61.645901639344245, NaN, NaN, NaN], "256": [40.897688525790066, 37.6918340114381, 44.63367814826555, 59.719292490869044, 61.61683060109287, 61.645901639344245, 61.645901639344245, 61.645901639344245, 61.645901639344245, NaN, NaN, NaN, NaN, NaN, NaN, NaN], "8": [38.72705709064242, 42.74466745155977, 58.33213132243614, 61.49504663863277]}