{"64": {"1": [40.600872317859896, 40.36807590097968, 40.36352855140095, 40.280537936430136, 40.246414137427095, 40.292840851503286, 40.29774432214021, 40.37209257370397, 40.353256173890344, 40.45212366829216, 40.53710753966277, 40.30476722713036, 40.534596084008186, 40.620003731416475, 40.27578274565179, 40.44331335873957, 40.51188960060453, 40.42738768544996, 40.48681951775679, 40.391877424207145, 40.325847981339464, 40.27444328416532, 40.52182134608511, 40.467008048874845, 40.459067325931294, 40.34466479768323, 40.50390669886449, 40.37441343803439, 40.39833085351352, 40.42762108580121], "2": [37.46782785808881, 37.24078939661947, 37.09763689825469, 37.421087758045424, 37.30726962749715, 37.34839982938112, 36.77963084528482, 37.467242778698306, 37.67158647558775, 37.26897437823283, 36.98893621765014, 37.26393145317561, 37.990169781008554, 38.22709158997581, 37.47613590793155, 37.67880690820552, 37.0770243322278, 36.80695048270695, 38.27036037987655, 38.26850280675242, 37.925490985472095, 37.12745114204094, 37.815707687575284, 37.459052985593125, 37.95234526150691, 37.06854388898963, 37.10933670669193, 37.47149443326237, 37.38665928933606, 37.44244547601922], "4": [50.500135992828014, 52.11469211758683, 50.24707977728081, 50.29056225549974, 50.11540291170268, 53.088623842946454, 52.501155029280895, 50.67596159901133, 50.90223211285759, 52.14371465006472, 50.1220268290804, 52.3610092538056, 51.152042111413245, 50.79970616832146, 50.90236215519843, 51.55335231691952, 49.1480240967496, 51.06910429882529, 50.352434472792574, 50.870904926492884, 52.621750396193754, 51.53836498393176, 50.3787138123389, 53.04360682718456, 51.85457720288681, 50.206250946793, 50.712226681094094, 51.26106284367245, 50.46235326376674, 48.737108549100824], "8": [60.78688524590164, 61.08291790891662, 60.12838953085722, 61.389948425306194, 61.61311475409836, 61.21311475409836, 61.324726761437, 60.80655737704918, 61.18073604724427, 61.291803278688526, 60.67669110375636, 60.9903667867998, 60.88055515401773, 60.30928224198654, 60.92188554184646, 61.21311475409836, 60.903494895945734, 60.867183949841845, 61.175670250398575, 61.05188806206544, 60.98525312174272, 60.84631506059594, 60.788979867159206, 61.049180327868854, 61.17377049180328, 60.6803456780985, 60.35844251522126, 60.81959066041974, 61.05573770491803, 60.55404129683302], "16": [61.64590163934426, 61.64590163934426, 61.64590163934426, 61.64590163934426, 61.64590163934426, 61.64590163934426, 61.64590163934426, 61.64590163934426, 61.49508196721312, 61.64590163934426, 61.64590163934426, 61.64590163934426, 61.64590163934426, 61.64590163934426, 61.64590163934426, 61.64590163934426, 61.64590163934426, 61.64590163934426, 61.64590163934426, 61.64590163934426, 61.64590163934426, 61.64590163934426, 61.64590163934426, 61.38360655737705, 61.64590163934426, 61.64590163934426, 61.64590163934426, 61.64590163934426, 61.64590163934426, 61.64590163934426], "32": [61.64590163934426, 61.64590163934426, 61.64590163934426, 61.64590163934426, 61.64590163934426, 61.64590163934426, 61.64590163934426, 61.64590163934426, 61.64590163934426, 61.64590163934426, 61.64590163934426, 61.64590163934426, 61.64590163934426, 61.64590163934426, 61.64590163934426, 61.64590163934426, 61.64590163934426, 61.64590163934426, 61.64590163934426, 61.64590163934426, 61.64590163934426, 61.64590163934426, 61.64590163934426, 61.64590163934426, 61.64590163934426, 61.64590163934426, 61.64590163934426, 61.64590163934426, 61.64590163934426, 61.64590163934426], "64": [61.64590163934426, 61.64590163934426, 61.64590163934426, 61.64590163934426, 61.64590163934426, 61.64590163934426, 61.64590163934426, 61.64590163934426, 61.64590163934426, 61.64590163934426, 61.64590163934426, 61.64590163934426, 61.64590163934426, 61.64590163934426, 61.64590163934426, 61.64590163934426, 61.64590163934426, 61.64590163934426, 61.64590163934426, 61.64590163934426, 61.64590163934426, 61.64590163934426, 61.64590163934426, 61.64590163934426, 61.64590163934426, 61.64590163934426, 61.64590163934426, 61.64590163934426, 61.64590163934426, 61.64590163934426], "128": []}, "128": {"1": [40.798653715325045, 40.76269018523224, 40.741833588573, 40.69626055973264, 40.72260587036436, 40.733925054028234, 40.76500615064419, 40.7748375306903, 40.681886426227955, 40.80815246282933, 40.77855954268131, 40.706468841524725, 40.78937819052465, 40.81725699604063, 40.726210460381346, 40.782511579538266, 40.76557278303419, 40.73635889758108, 40.77804308396447, 40.74440236645977, 40.67008617017683, 40.75341483900805, 40.780684267093974, 40.75067714974947, 40.747170414839296, 40.72749808131245, 40.79543962841436, 40.68895596351062, 40.730226238461626, 40.82444896937807], "2": [37.212807440111256, 37.007958229318454, 37.15580166304781, 37.503596422639625, 37.524676469595235, 37.08473435992177, 37.102070632834945, 37.40045227771598, 37.65500345704121, 37.12623400594613, 37.22277649483686, 37.16089508039964, 37.742548020954516, 37.85743967600376, 37.373725779288904, 37.608144028969974, 37.39839644950284, 36.87979954841448, 37.9260789588869, 37.95266823587018, 37.67686515423465, 37.1523136954445, 37.37146694534856, 37.19767369647163, 37.160454914978615, 36.774001170450056, 37.24320777182672, 36.97884174062143, 37.55169851509765, 37.49224063254211], "4": [47.519359662689006, 46.980933461953605, 46.88049374723064, 46.72826254825216, 46.277182878008965, 49.21625530490617, 48.31931358679891, 48.04410374814795, 48.42219581868122, 47.95625608758797, 46.88674970149866, 49.37438229116656, 48.541743889916965, 46.379703459999554, 48.14383232716138, 47.56495405812993, 47.201349039105274, 48.22655167717037, 47.49927704975497, 48.58026377346042, 49.81270261992631, 49.12158856005823, 47.69462834732242, 49.20752319830051, 48.332581447726476, 46.41829521382658, 47.14830627512693, 47.07688420746316, 47.31625135404977, 45.99350050424259], "8": [60.20165614735602, 60.534755643729724, 59.399208020273555, 60.3172810555956, 60.84074527024486, 60.365135719524154, 60.69654681735818, 60.09761099306704, 60.807882250355675, 60.96488346893107, 60.44917462059692, 60.467363127283825, 60.71006335073904, 59.83966217248643, 60.766272879741464, 60.78688524590164, 60.37890473201131, 60.34012847152325, 60.9242521156514, 60.39997564038628, 60.98626629331714, 60.65137816147073, 60.18496330237502, 60.64863798671321, 60.43479921336295, 60.36874314248667, 59.95537546209004, 60.28991692889063, 60.70353910285759, 59.952668173474365], "16": [61.64590163934426, 61.64590163934426, 61.64590163934426, 61.64590163934426, 61.64590163934426, 61.64590163934426, 61.64590163934426, 61.64590163934426, 61.49508196721312, 61.64590163934426, 61.64590163934426, 61.64590163934426, 61.64590163934426, 61.49508196721312, 61.49508196721312, 61.64590163934426, 61.64590163934426, 61.64590163934426, 61.64590163934426, 61.64590163934426, 61.64590163934426, 61.64590163934426, 61.64590163934426, 61.38360655737705, 61.64590163934426, 61.64590163934426, 61.64590163934426, 61.488524590163934, 61.64590163934426, 61.64590163934426], "32": [61.64590163934426, 61.64590163934426, 61.64590163934426, 61.64590163934426, 61.64590163934426, 61.64590163934426, 61.64590163934426, 61.64590163934426, 61.64590163934426, 61.64590163934426, 61.64590163934426, 61.64590163934426, 61.64590163934426, 61.64590163934426, 61.64590163934426, 61.64590163934426, 61.64590163934426, 61.64590163934426, 61.64590163934426, 61.64590163934426, 61.64590163934426, 61.64590163934426, 61.64590163934426, 61.64590163934426, 61.64590163934426, 61.64590163934426, 61.64590163934426, 61.64590163934426, 61.64590163934426, 61.64590163934426],